timestamp_x;pid;ppid_x;nome_processo;status_x;cpu_porcentagem_x;ram_porcentagem_x;total_threads_x;tempo_execucao_x;throughput_mbs_x;throughput_gbs_x;timestamp_y;ppid_y;status_y;cpu_porcentagem_y;ram_porcentagem_y;total_threads_y;tempo_execucao_y;throughput_mbs_y;throughput_gbs_y;timestamp;ppid;status;cpu_porcentagem;ram_porcentagem;total_threads;tempo_execucao;throughput_mbs;throughput_gbs
2025-11-10 19:26:47;140;4;;stopped;0.0;0.4401959962925317;0;1762777907.5327773;0.0;0.0;2025-11-10 19:26:47;4;stopped;0.0;0.4401959962925317;0;1762777907.5327773;0.0;0.0;2025-11-10 19:26:47;4;stopped;0.0;0.4401959962925317;0;1762777907.5327773;0.0;0.0
2025-11-10 19:26:47;548;12476;Docker Desktop.exe;running;0.0;0.7064002305838736;41;1762811237.957982;0.0;0.0;2025-11-10 19:26:47;12476;running;0.0;0.7064002305838736;41;1762811237.957982;0.0;0.0;2025-11-10 19:26:47;12476;running;0.0;0.7064002305838736;41;1762811237.957982;0.0;0.0
2025-11-10 19:26:47;1480;1316;svchost.exe;running;0.0;0.21609334220680781;23;1762777916.0969288;0.0;0.0;2025-11-10 19:26:47;1316;running;0.0;0.21609334220680781;23;1762777916.0969288;0.0;0.0;2025-11-10 19:26:47;1316;running;0.0;0.21609334220680781;23;1762777916.0969288;0.0;0.0
2025-11-10 19:26:47;1732;1240;dwm.exe;running;0.0;0.4589546477984141;36;1762777916.670258;0.0;0.0;2025-11-10 19:26:47;1240;running;0.0;0.4589546477984141;36;1762777916.670258;0.0;0.0;2025-11-10 19:26:47;1240;running;0.0;0.4589546477984141;36;1762777916.670258;0.0;0.0
2025-11-10 19:26:47;2228;1316;svchost.exe;running;0.0;0.11692541486391284;15;1762777916.8680887;0.0;0.0;2025-11-10 19:26:47;1316;running;0.0;0.11692541486391284;15;1762777916.8680887;0.0;0.0;2025-11-10 19:26:47;1316;running;0.0;0.11692541486391284;15;1762777916.8680887;0.0;0.0
2025-11-10 19:26:47;2316;2676;Code.exe;running;0.0;1.1822165876010582;29;1762811223.6254537;0.0;0.0;2025-11-10 19:26:47;2676;running;0.0;1.1822165876010582;29;1762811223.6254537;0.0;0.0;2025-11-10 19:26:47;2676;running;0.0;1.1822165876010582;29;1762811223.6254537;0.0;0.0
2025-11-10 19:26:47;2552;1480;TextInputHost.exe;running;0.0;0.303668844461798;60;1762804210.69381;0.0;0.0;2025-11-10 19:26:47;1480;running;0.0;0.303668844461798;60;1762804210.69381;0.0;0.0;2025-11-10 19:26:47;1480;running;0.0;0.303668844461798;60;1762804210.69381;0.0;0.0
2025-11-10 19:26:47;2636;1480;WmiPrvSE.exe;running;0.0;0.1789448890842037;10;1762813606.0489824;0.0;0.0;2025-11-10 19:26:47;1480;running;0.0;0.1789448890842037;10;1762813606.0489824;0.0;0.0;2025-11-10 19:26:47;1480;running;0.0;0.1789448890842037;10;1762813606.0489824;0.0;0.0
2025-11-10 19:26:47;2676;7928;Code.exe;running;0.0;0.8601579415225385;60;1762811123.2033565;0.0;0.0;2025-11-10 19:26:47;7928;running;0.0;0.8601579415225385;60;1762811123.2033565;0.0;0.0;2025-11-10 19:26:47;7928;running;0.0;0.8601579415225385;60;1762811123.2033565;0.0;0.0
2025-11-10 19:26:47;2720;1316;svchost.exe;running;0.0;0.10870533161976215;8;1762777917.014603;0.0;0.0;2025-11-10 19:26:47;1316;running;0.0;0.10870533161976215;8;1762777917.014603;0.0;0.0;2025-11-10 19:26:47;1316;running;0.0;0.10870533161976215;8;1762777917.014603;0.0;0.0
2025-11-10 19:28:59;140;4;;stopped;0.0;0.4401959962925317;0;1762777907.5327773;0.0;0.0;2025-11-10 19:28:59;4;stopped;0.0;0.4401959962925317;0;1762777907.5327773;0.0;0.0;2025-11-10 19:28:59;4;stopped;0.0;0.4401959962925317;0;1762777907.5327773;0.0;0.0
2025-11-10 19:28:59;1480;1316;svchost.exe;running;0.0;0.09879907745373438;13;1762777916.0969288;0.0;0.0;2025-11-10 19:28:59;1316;running;0.0;0.09879907745373438;13;1762777916.0969288;0.0;0.0;2025-11-10 19:28:59;1316;running;0.0;0.09879907745373438;13;1762777916.0969288;0.0;0.0
2025-11-10 19:28:59;548;12476;Docker Desktop.exe;running;0.0;0.5114894105831465;40;1762811237.957982;0.0;0.0;2025-11-10 19:28:59;12476;running;0.0;0.5114894105831465;40;1762811237.957982;0.0;0.0;2025-11-10 19:28:59;12476;running;0.0;0.5114894105831465;40;1762811237.957982;0.0;0.0
2025-11-10 19:28:59;1616;1316;svchost.exe;running;0.0;0.11713618622914747;10;1762777916.2289548;0.0;0.0;2025-11-10 19:28:59;1316;running;0.0;0.11713618622914747;10;1762777916.2289548;0.0;0.0;2025-11-10 19:28:59;1316;running;0.0;0.11713618622914747;10;1762777916.2289548;0.0;0.0
2025-11-10 19:28:59;1732;1240;dwm.exe;running;0.0;0.38550082701414434;36;1762777916.670258;0.0;0.0;2025-11-10 19:28:59;1240;running;0.0;0.38550082701414434;36;1762777916.670258;0.0;0.0;2025-11-10 19:28:59;1240;running;0.0;0.38550082701414434;36;1762777916.670258;0.0;0.0
2025-11-10 19:28:59;2228;1316;svchost.exe;running;0.0;0.10680838933265044;14;1762777916.8680887;0.0;0.0;2025-11-10 19:28:59;1316;running;0.0;0.10680838933265044;14;1762777916.8680887;0.0;0.0;2025-11-10 19:28:59;1316;running;0.0;0.10680838933265044;14;1762777916.8680887;0.0;0.0
2025-11-10 19:28:59;2316;2676;Code.exe;running;0.0;0.9690740445075353;28;1762811223.6254537;0.0;0.0;2025-11-10 19:28:59;2676;running;0.0;0.9690740445075353;28;1762811223.6254537;0.0;0.0;2025-11-10 19:28:59;2676;running;0.0;0.9690740445075353;28;1762811223.6254537;0.0;0.0
2025-11-10 19:28:59;2552;1480;TextInputHost.exe;running;0.0;0.2823809365731;62;1762804210.69381;0.0;0.0;2025-11-10 19:28:59;1480;running;0.0;0.2823809365731;62;1762804210.69381;0.0;0.0;2025-11-10 19:28:59;1480;running;0.0;0.2823809365731;62;1762804210.69381;0.0;0.0
2025-11-10 19:28:59;2676;7928;Code.exe;running;0.0;0.7485018107894915;54;1762811123.2033565;0.0;0.0;2025-11-10 19:28:59;7928;running;0.0;0.7485018107894915;54;1762811123.2033565;0.0;0.0;2025-11-10 19:28:59;7928;running;0.0;0.7485018107894915;54;1762811123.2033565;0.0;0.0
2025-11-10 19:29:59;140;4;;stopped;0.0;0.4401959962925317;0;1762777907.5327773;0.0;0.0;2025-11-10 19:29:59;4;stopped;0.0;0.4401959962925317;0;1762777907.5327773;0.0;0.0;2025-11-10 19:29:59;4;stopped;0.0;0.4401959962925317;0;1762777907.5327773;0.0;0.0
2025-11-10 19:29:59;1480;1316;svchost.exe;running;0.0;0.1446418493922671;21;1762777916.0969288;0.0;0.0;2025-11-10 19:29:59;1316;running;0.0;0.1446418493922671;21;1762777916.0969288;0.0;0.0;2025-11-10 19:29:59;1316;running;0.0;0.1446418493922671;21;1762777916.0969288;0.0;0.0
2025-11-10 19:29:59;548;12476;Docker Desktop.exe;running;0.0;0.6008037766013222;40;1762811237.957982;0.0;0.0;2025-11-10 19:29:59;12476;running;0.0;0.6008037766013222;40;1762811237.957982;0.0;0.0;2025-11-10 19:29:59;12476;running;0.0;0.6008037766013222;40;1762811237.957982;0.0;0.0
2025-11-10 19:29:59;1616;1316;svchost.exe;running;0.0;0.10680838933265044;9;1762777916.2289548;0.0;0.0;2025-11-10 19:29:59;1316;running;0.0;0.10680838933265044;9;1762777916.2289548;0.0;0.0;2025-11-10 19:29:59;1316;running;0.0;0.10680838933265044;9;1762777916.2289548;0.0;0.0
2025-11-10 19:29:59;1732;1240;dwm.exe;running;0.0;0.4640658534053539;36;1762777916.670258;0.0;0.0;2025-11-10 19:29:59;1240;running;0.0;0.4640658534053539;36;1762777916.670258;0.0;0.0;2025-11-10 19:29:59;1240;running;0.0;0.4640658534053539;36;1762777916.670258;0.0;0.0
2025-11-10 19:29:59;2228;1316;svchost.exe;running;0.0;0.11091843095472578;14;1762777916.8680887;0.0;0.0;2025-11-10 19:29:59;1316;running;0.0;0.11091843095472578;14;1762777916.8680887;0.0;0.0;2025-11-10 19:29:59;1316;running;0.0;0.11091843095472578;14;1762777916.8680887;0.0;0.0
2025-11-10 19:29:59;2316;2676;Code.exe;running;0.0;1.0338335464758766;28;1762811223.6254537;0.0;0.0;2025-11-10 19:29:59;2676;running;0.0;1.0338335464758766;28;1762811223.6254537;0.0;0.0;2025-11-10 19:29:59;2676;running;0.0;1.0338335464758766;28;1762811223.6254537;0.0;0.0
2025-11-10 19:29:59;2552;1480;TextInputHost.exe;running;0.0;0.27358123207455404;60;1762804210.69381;0.0;0.0;2025-11-10 19:29:59;1480;running;0.0;0.27358123207455404;60;1762804210.69381;0.0;0.0;2025-11-10 19:29:59;1480;running;0.0;0.27358123207455404;60;1762804210.69381;0.0;0.0
2025-11-10 19:29:59;2676;7928;Code.exe;running;0.0;0.5721388709294122;54;1762811123.2033565;0.0;0.0;2025-11-10 19:29:59;7928;running;0.0;0.5721388709294122;54;1762811123.2033565;0.0;0.0;2025-11-10 19:29:59;7928;running;0.0;0.5721388709294122;54;1762811123.2033565;0.0;0.0
2025-11-10 19:32:16;1732;1240;dwm.exe;running;174.3;0.6265178831599476;40;1762777916.670258;0.0;0.0;2025-11-10 19:32:16;1240;running;174.3;0.6265178831599476;40;1762777916.670258;0.0;0.0;2025-11-10 19:32:16;1240;running;174.3;0.6265178831599476;40;1762777916.670258;0.0;0.0
2025-11-10 19:32:16;140;4;;stopped;0.0;0.4401959962925317;0;1762777907.5327773;0.0;0.0;2025-11-10 19:32:16;4;stopped;0.0;0.4401959962925317;0;1762777907.5327773;0.0;0.0;2025-11-10 19:32:16;4;stopped;0.0;0.4401959962925317;0;1762777907.5327773;0.0;0.0
2025-11-10 19:32:16;548;12476;Docker Desktop.exe;running;0.0;0.5597560532218774;41;1762811237.957982;0.0;0.0;2025-11-10 19:32:16;12476;running;0.0;0.5597560532218774;41;1762811237.957982;0.0;0.0;2025-11-10 19:32:16;12476;running;0.0;0.5597560532218774;41;1762811237.957982;0.0;0.0
2025-11-10 19:32:16;1188;12784;msedgewebview2.exe;running;0.0;0.09416210741857244;42;1762778049.7182996;0.0;0.0;2025-11-10 19:32:16;12784;running;0.0;0.09416210741857244;42;1762778049.7182996;0.0;0.0;2025-11-10 19:32:16;12784;running;0.0;0.09416210741857244;42;1762778049.7182996;0.0;0.0
2025-11-10 19:32:16;1344;1168;lsass.exe;running;0.0;0.09558481413390621;10;1762777915.5704277;0.0;0.0;2025-11-10 19:32:16;1168;running;0.0;0.09558481413390621;10;1762777915.5704277;0.0;0.0;2025-11-10 19:32:16;1168;running;0.0;0.09558481413390621;10;1762777915.5704277;0.0;0.0
2025-11-10 19:32:16;1480;1316;svchost.exe;running;0.0;0.1362109947828818;24;1762777916.0969288;0.0;0.0;2025-11-10 19:32:16;1316;running;0.0;0.1362109947828818;24;1762777916.0969288;0.0;0.0;2025-11-10 19:32:16;1316;running;0.0;0.1362109947828818;24;1762777916.0969288;0.0;0.0
2025-11-10 19:32:16;1668;1316;svchost.exe;running;0.0;0.10881071730237946;14;1762777916.8137052;0.0;0.0;2025-11-10 19:32:16;1316;running;0.0;0.10881071730237946;14;1762777916.8137052;0.0;0.0;2025-11-10 19:32:16;1316;running;0.0;0.10881071730237946;14;1762777916.8137052;0.0;0.0
2025-11-10 19:32:16;1616;1316;svchost.exe;running;0.0;0.103172583282353;10;1762777916.2289548;0.0;0.0;2025-11-10 19:32:16;1316;running;0.0;0.103172583282353;10;1762777916.2289548;0.0;0.0;2025-11-10 19:32:16;1316;running;0.0;0.103172583282353;10;1762777916.2289548;0.0;0.0
2025-11-10 19:32:16;2228;1316;svchost.exe;running;0.0;0.10607068955432922;16;1762777916.8680887;0.0;0.0;2025-11-10 19:32:16;1316;running;0.0;0.10607068955432922;16;1762777916.8680887;0.0;0.0;2025-11-10 19:32:16;1316;running;0.0;0.10607068955432922;16;1762777916.8680887;0.0;0.0
2025-11-10 19:32:16;2316;2676;Code.exe;running;0.0;0.8112589847881037;29;1762811223.6254537;0.0;0.0;2025-11-10 19:32:16;2676;running;0.0;0.8112589847881037;29;1762811223.6254537;0.0;0.0;2025-11-10 19:32:16;2676;running;0.0;0.8112589847881037;29;1762811223.6254537;0.0;0.0
2025-11-10 19:32:16;2552;1480;TextInputHost.exe;running;0.0;0.3273806230506942;60;1762804210.69381;0.0;0.0;2025-11-10 19:32:16;1480;running;0.0;0.3273806230506942;60;1762804210.69381;0.0;0.0;2025-11-10 19:32:16;1480;running;0.0;0.3273806230506942;60;1762804210.69381;0.0;0.0
2025-11-10 19:32:16;2676;7928;Code.exe;running;0.0;0.5330407826783876;54;1762811123.2033565;0.0;0.0;2025-11-10 19:32:16;7928;running;0.0;0.5330407826783876;54;1762811123.2033565;0.0;0.0;2025-11-10 19:32:16;7928;running;0.0;0.5330407826783876;54;1762811123.2033565;0.0;0.0
2025-11-10 19:32:44;140;4;;stopped;0.0;0.4401959962925317;0;1762777907.5327773;0.0;0.0;2025-11-10 19:32:44;4;stopped;0.0;0.4401959962925317;0;1762777907.5327773;0.0;0.0;2025-11-10 19:32:44;4;stopped;0.0;0.4401959962925317;0;1762777907.5327773;0.0;0.0
2025-11-10 19:32:44;548;12476;Docker Desktop.exe;running;0.0;0.47102130845809675;40;1762811237.957982;0.0;0.0;2025-11-10 19:32:44;12476;running;0.0;0.47102130845809675;40;1762811237.957982;0.0;0.0;2025-11-10 19:32:44;12476;running;0.0;0.47102130845809675;40;1762811237.957982;0.0;0.0
2025-11-10 19:32:44;1188;12784;msedgewebview2.exe;running;0.0;0.1699344132204231;42;1762778049.7182996;0.0;0.0;2025-11-10 19:32:44;12784;running;0.0;0.1699344132204231;42;1762778049.7182996;0.0;0.0;2025-11-10 19:32:44;12784;running;0.0;0.1699344132204231;42;1762778049.7182996;0.0;0.0
2025-11-10 19:32:44;1480;1316;svchost.exe;running;0.0;0.10401566874329154;12;1762777916.0969288;0.0;0.0;2025-11-10 19:32:44;1316;running;0.0;0.10401566874329154;12;1762777916.0969288;0.0;0.0;2025-11-10 19:32:44;1316;running;0.0;0.10401566874329154;12;1762777916.0969288;0.0;0.0
2025-11-10 19:32:44;184;4;Registry;running;0.0;0.1366852303546597;4;1762777907.5377195;0.0;0.0;2025-11-10 19:32:44;4;running;0.0;0.1366852303546597;4;1762777907.5377195;0.0;0.0;2025-11-10 19:32:44;4;running;0.0;0.1366852303546597;4;1762777907.5377195;0.0;0.0
2025-11-10 19:32:44;1616;1316;svchost.exe;running;0.0;0.11523924394203576;9;1762777916.2289548;0.0;0.0;2025-11-10 19:32:44;1316;running;0.0;0.11523924394203576;9;1762777916.2289548;0.0;0.0;2025-11-10 19:32:44;1316;running;0.0;0.11523924394203576;9;1762777916.2289548;0.0;0.0
2025-11-10 19:32:44;1732;1240;dwm.exe;running;0.0;0.6190354996941181;41;1762777916.670258;0.0;0.0;2025-11-10 19:32:44;1240;running;0.0;0.6190354996941181;41;1762777916.670258;0.0;0.0;2025-11-10 19:32:44;1240;running;0.0;0.6190354996941181;41;1762777916.670258;0.0;0.0
2025-11-10 19:32:44;2228;1316;svchost.exe;running;0.0;0.10285642623450106;12;1762777916.8680887;0.0;0.0;2025-11-10 19:32:44;1316;running;0.0;0.10285642623450106;12;1762777916.8680887;0.0;0.0;2025-11-10 19:32:44;1316;running;0.0;0.10285642623450106;12;1762777916.8680887;0.0;0.0
2025-11-10 19:32:44;2316;2676;Code.exe;running;0.0;0.43355669828764076;28;1762811223.6254537;0.0;0.0;2025-11-10 19:32:44;2676;running;0.0;0.43355669828764076;28;1762811223.6254537;0.0;0.0;2025-11-10 19:32:44;2676;running;0.0;0.43355669828764076;28;1762811223.6254537;0.0;0.0
2025-11-10 19:32:44;2552;1480;TextInputHost.exe;running;0.0;0.30756811471863865;63;1762804210.69381;0.0;0.0;2025-11-10 19:32:44;1480;running;0.0;0.30756811471863865;63;1762804210.69381;0.0;0.0;2025-11-10 19:32:44;1480;running;0.0;0.30756811471863865;63;1762804210.69381;0.0;0.0
2025-11-10 19:32:44;2676;7928;Code.exe;running;0.0;0.4566888556221418;54;1762811123.2033565;0.0;0.0;2025-11-10 19:32:44;7928;running;0.0;0.4566888556221418;54;1762811123.2033565;0.0;0.0;2025-11-10 19:32:44;7928;running;0.0;0.4566888556221418;54;1762811123.2033565;0.0;0.0
2025-11-10 19:33:16;140;4;;stopped;0.0;0.4401959962925317;0;1762777907.5327773;0.0;0.0;2025-11-10 19:33:16;4;stopped;0.0;0.4401959962925317;0;1762777907.5327773;0.0;0.0;2025-11-10 19:33:16;4;stopped;0.0;0.4401959962925317;0;1762777907.5327773;0.0;0.0
2025-11-10 19:33:16;184;4;Registry;running;0.0;0.10665031080872446;4;1762777907.5377195;0.0;0.0;2025-11-10 19:33:16;4;running;0.0;0.10665031080872446;4;1762777907.5377195;0.0;0.0;2025-11-10 19:33:16;4;running;0.0;0.10665031080872446;4;1762777907.5377195;0.0;0.0
2025-11-10 19:33:16;548;12476;Docker Desktop.exe;running;0.0;0.4331878483984801;40;1762811237.957982;0.0;0.0;2025-11-10 19:33:16;12476;running;0.0;0.4331878483984801;40;1762811237.957982;0.0;0.0;2025-11-10 19:33:16;12476;running;0.0;0.4331878483984801;40;1762811237.957982;0.0;0.0
2025-11-10 19:33:16;1188;12784;msedgewebview2.exe;running;0.0;0.08620548838096502;42;1762778049.7182996;0.0;0.0;2025-11-10 19:33:16;12784;running;0.0;0.08620548838096502;42;1762778049.7182996;0.0;0.0;2025-11-10 19:33:16;12784;running;0.0;0.08620548838096502;42;1762778049.7182996;0.0;0.0
2025-11-10 19:33:16;1480;1316;svchost.exe;running;0.0;0.0835708463155321;12;1762777916.0969288;0.0;0.0;2025-11-10 19:33:16;1316;running;0.0;0.0835708463155321;12;1762777916.0969288;0.0;0.0;2025-11-10 19:33:16;1316;running;0.0;0.0835708463155321;12;1762777916.0969288;0.0;0.0
2025-11-10 19:33:16;1616;1316;svchost.exe;running;0.0;0.09995831996252484;9;1762777916.2289548;0.0;0.0;2025-11-10 19:33:16;1316;running;0.0;0.09995831996252484;9;1762777916.2289548;0.0;0.0;2025-11-10 19:33:16;1316;running;0.0;0.09995831996252484;9;1762777916.2289548;0.0;0.0
2025-11-10 19:33:16;1732;1240;dwm.exe;running;0.0;0.5296684408346335;40;1762777916.670258;0.0;0.0;2025-11-10 19:33:16;1240;running;0.0;0.5296684408346335;40;1762777916.670258;0.0;0.0;2025-11-10 19:33:16;1240;running;0.0;0.5296684408346335;40;1762777916.670258;0.0;0.0
2025-11-10 19:33:16;2228;1316;svchost.exe;running;0.0;0.10333066180627899;12;1762777916.8680887;0.0;0.0;2025-11-10 19:33:16;1316;running;0.0;0.10333066180627899;12;1762777916.8680887;0.0;0.0;2025-11-10 19:33:16;1316;running;0.0;0.10333066180627899;12;1762777916.8680887;0.0;0.0
2025-11-10 19:33:16;2316;2676;Code.exe;running;0.0;0.4291304996177134;28;1762811223.6254537;0.0;0.0;2025-11-10 19:33:16;2676;running;0.0;0.4291304996177134;28;1762811223.6254537;0.0;0.0;2025-11-10 19:33:16;2676;running;0.0;0.4291304996177134;28;1762811223.6254537;0.0;0.0
2025-11-10 19:33:16;2552;1480;TextInputHost.exe;running;0.0;0.2603553289060808;63;1762804210.69381;0.0;0.0;2025-11-10 19:33:16;1480;running;0.0;0.2603553289060808;63;1762804210.69381;0.0;0.0;2025-11-10 19:33:16;1480;running;0.0;0.2603553289060808;63;1762804210.69381;0.0;0.0
2025-11-10 19:33:16;2676;7928;Code.exe;running;0.0;0.3738557090849309;54;1762811123.2033565;0.0;0.0;2025-11-10 19:33:16;7928;running;0.0;0.3738557090849309;54;1762811123.2033565;0.0;0.0;2025-11-10 19:33:16;7928;running;0.0;0.3738557090849309;54;1762811123.2033565;0.0;0.0
2025-11-10 19:33:44;140;4;;stopped;0.0;0.4401959962925317;0;1762777907.5327773;0.0;0.0;2025-11-10 19:33:44;4;stopped;0.0;0.4401959962925317;0;1762777907.5327773;0.0;0.0;2025-11-10 19:33:44;4;stopped;0.0;0.4401959962925317;0;1762777907.5327773;0.0;0.0
2025-11-10 19:33:44;548;12476;Docker Desktop.exe;running;0.0;0.41369149711427655;40;1762811237.957982;0.0;0.0;2025-11-10 19:33:44;12476;running;0.0;0.41369149711427655;40;1762811237.957982;0.0;0.0;2025-11-10 19:33:44;12476;running;0.0;0.41369149711427655;40;1762811237.957982;0.0;0.0
2025-11-10 19:33:44;1616;1316;svchost.exe;running;0.0;0.08620548838096502;9;1762777916.2289548;0.0;0.0;2025-11-10 19:33:44;1316;running;0.0;0.08620548838096502;9;1762777916.2289548;0.0;0.0;2025-11-10 19:33:44;1316;running;0.0;0.08620548838096502;9;1762777916.2289548;0.0;0.0
2025-11-10 19:33:44;1732;1240;dwm.exe;running;0.0;0.46965129458407173;40;1762777916.670258;0.0;0.0;2025-11-10 19:33:44;1240;running;0.0;0.46965129458407173;40;1762777916.670258;0.0;0.0;2025-11-10 19:33:44;1240;running;0.0;0.46965129458407173;40;1762777916.670258;0.0;0.0
2025-11-10 19:33:44;2228;1316;svchost.exe;running;0.0;0.09716559937316596;12;1762777916.8680887;0.0;0.0;2025-11-10 19:33:44;1316;running;0.0;0.09716559937316596;12;1762777916.8680887;0.0;0.0;2025-11-10 19:33:44;1316;running;0.0;0.09716559937316596;12;1762777916.8680887;0.0;0.0
2025-11-10 19:33:44;2316;2676;Code.exe;running;0.0;0.4296047351894913;28;1762811223.6254537;0.0;0.0;2025-11-10 19:33:44;2676;running;0.0;0.4296047351894913;28;1762811223.6254537;0.0;0.0;2025-11-10 19:33:44;2676;running;0.0;0.4296047351894913;28;1762811223.6254537;0.0;0.0
2025-11-10 19:33:44;2324;16748;conhost.exe;running;0.0;0.09226516513146073;3;1762814036.8858705;0.0;0.0;2025-11-10 19:33:44;16748;running;0.0;0.09226516513146073;3;1762814036.8858705;0.0;0.0;2025-11-10 19:33:44;16748;running;0.0;0.09226516513146073;3;1762814036.8858705;0.0;0.0
2025-11-10 19:33:44;2552;1480;TextInputHost.exe;running;0.0;0.22768576729471265;63;1762804210.69381;0.0;0.0;2025-11-10 19:33:44;1480;running;0.0;0.22768576729471265;63;1762804210.69381;0.0;0.0;2025-11-10 19:33:44;1480;running;0.0;0.22768576729471265;63;1762804210.69381;0.0;0.0
2025-11-10 19:33:44;2676;7928;Code.exe;running;0.0;0.38370927040964997;54;1762811123.2033565;0.0;0.0;2025-11-10 19:33:44;7928;running;0.0;0.38370927040964997;54;1762811123.2033565;0.0;0.0;2025-11-10 19:33:44;7928;running;0.0;0.38370927040964997;54;1762811123.2033565;0.0;0.0
2025-11-10 19:34:12;140;4;;stopped;0.0;0.4401959962925317;0;1762777907.5327773;0.0;0.0;2025-11-10 19:34:12;4;stopped;0.0;0.4401959962925317;0;1762777907.5327773;0.0;0.0;2025-11-10 19:34:12;4;stopped;0.0;0.4401959962925317;0;1762777907.5327773;0.0;0.0
2025-11-10 19:34:12;548;12476;Docker Desktop.exe;running;0.0;0.43898406094243253;40;1762811237.957982;0.0;0.0;2025-11-10 19:34:12;12476;running;0.0;0.43898406094243253;40;1762811237.957982;0.0;0.0;2025-11-10 19:34:12;12476;running;0.0;0.43898406094243253;40;1762811237.957982;0.0;0.0
2025-11-10 19:34:12;1188;12784;msedgewebview2.exe;running;0.0;0.06913300779695972;41;1762778049.7182996;0.0;0.0;2025-11-10 19:34:12;12784;running;0.0;0.06913300779695972;41;1762778049.7182996;0.0;0.0;2025-11-10 19:34:12;12784;running;0.0;0.06913300779695972;41;1762778049.7182996;0.0;0.0
2025-11-10 19:34:12;1480;1316;svchost.exe;running;0.0;0.06502296617488437;12;1762777916.0969288;0.0;0.0;2025-11-10 19:34:12;1316;running;0.0;0.06502296617488437;12;1762777916.0969288;0.0;0.0;2025-11-10 19:34:12;1316;running;0.0;0.06502296617488437;12;1762777916.0969288;0.0;0.0
2025-11-10 19:34:12;1616;1316;svchost.exe;running;0.0;0.08515163155479186;8;1762777916.2289548;0.0;0.0;2025-11-10 19:34:12;1316;running;0.0;0.08515163155479186;8;1762777916.2289548;0.0;0.0;2025-11-10 19:34:12;1316;running;0.0;0.08515163155479186;8;1762777916.2289548;0.0;0.0
2025-11-10 19:34:12;1732;1240;dwm.exe;running;0.0;0.4373505828618641;36;1762777916.670258;0.0;0.0;2025-11-10 19:34:12;1240;running;0.0;0.4373505828618641;36;1762777916.670258;0.0;0.0;2025-11-10 19:34:12;1240;running;0.0;0.4373505828618641;36;1762777916.670258;0.0;0.0
2025-11-10 19:34:12;2092;1316;svchost.exe;running;0.0;0.05780404691559819;12;1762777916.8257716;0.0;0.0;2025-11-10 19:34:12;1316;running;0.0;0.05780404691559819;12;1762777916.8257716;0.0;0.0;2025-11-10 19:34:12;1316;running;0.0;0.05780404691559819;12;1762777916.8257716;0.0;0.0
2025-11-10 19:34:12;2228;1316;svchost.exe;running;0.0;0.09489980719689366;12;1762777916.8680887;0.0;0.0;2025-11-10 19:34:12;1316;running;0.0;0.09489980719689366;12;1762777916.8680887;0.0;0.0;2025-11-10 19:34:12;1316;running;0.0;0.09489980719689366;12;1762777916.8680887;0.0;0.0
2025-11-10 19:34:12;2316;2676;Code.exe;running;0.0;0.4075264346811635;28;1762811223.6254537;0.0;0.0;2025-11-10 19:34:12;2676;running;0.0;0.4075264346811635;28;1762811223.6254537;0.0;0.0;2025-11-10 19:34:12;2676;running;0.0;0.4075264346811635;28;1762811223.6254537;0.0;0.0
2025-11-10 19:34:12;2552;1480;TextInputHost.exe;running;0.0;0.20934865851929954;58;1762804210.69381;0.0;0.0;2025-11-10 19:34:12;1480;running;0.0;0.20934865851929954;58;1762804210.69381;0.0;0.0;2025-11-10 19:34:12;1480;running;0.0;0.20934865851929954;58;1762804210.69381;0.0;0.0
2025-11-10 19:34:12;2676;7928;Code.exe;running;0.0;0.36964028178023817;53;1762811123.2033565;0.0;0.0;2025-11-10 19:34:12;7928;running;0.0;0.36964028178023817;53;1762811123.2033565;0.0;0.0;2025-11-10 19:34:12;7928;running;0.0;0.36964028178023817;53;1762811123.2033565;0.0;0.0
2025-11-10 19:34:36;140;4;;stopped;0.0;0.4401959962925317;0;1762777907.5327773;0.0;0.0;2025-11-10 19:34:36;4;stopped;0.0;0.4401959962925317;0;1762777907.5327773;0.0;0.0;2025-11-10 19:34:36;4;stopped;0.0;0.4401959962925317;0;1762777907.5327773;0.0;0.0
2025-11-10 19:34:36;548;12476;Docker Desktop.exe;running;0.0;0.43065859201566453;40;1762811237.957982;0.0;0.0;2025-11-10 19:34:36;12476;running;0.0;0.43065859201566453;40;1762811237.957982;0.0;0.0;2025-11-10 19:34:36;12476;running;0.0;0.43065859201566453;40;1762811237.957982;0.0;0.0
2025-11-10 19:34:36;1188;12784;msedgewebview2.exe;running;0.0;0.05922675363093196;41;1762778049.7182996;0.0;0.0;2025-11-10 19:34:36;12784;running;0.0;0.05922675363093196;41;1762778049.7182996;0.0;0.0;2025-11-10 19:34:36;12784;running;0.0;0.05922675363093196;41;1762778049.7182996;0.0;0.0
2025-11-10 19:34:36;1480;1316;svchost.exe;running;0.0;0.06196678137898219;12;1762777916.0969288;0.0;0.0;2025-11-10 19:34:36;1316;running;0.0;0.06196678137898219;12;1762777916.0969288;0.0;0.0;2025-11-10 19:34:36;1316;running;0.0;0.06196678137898219;12;1762777916.0969288;0.0;0.0
2025-11-10 19:34:36;1616;1316;svchost.exe;running;0.0;0.08905090181163258;9;1762777916.2289548;0.0;0.0;2025-11-10 19:34:36;1316;running;0.0;0.08905090181163258;9;1762777916.2289548;0.0;0.0;2025-11-10 19:34:36;1316;running;0.0;0.08905090181163258;9;1762777916.2289548;0.0;0.0
2025-11-10 19:34:36;1732;1240;dwm.exe;running;0.0;0.5666588154333116;35;1762777916.670258;0.0;0.0;2025-11-10 19:34:36;1240;running;0.0;0.5666588154333116;35;1762777916.670258;0.0;0.0;2025-11-10 19:34:36;1240;running;0.0;0.5666588154333116;35;1762777916.670258;0.0;0.0
2025-11-10 19:34:36;2092;1316;svchost.exe;running;0.0;0.05638134020026441;12;1762777916.8257716;0.0;0.0;2025-11-10 19:34:36;1316;running;0.0;0.05638134020026441;12;1762777916.8257716;0.0;0.0;2025-11-10 19:34:36;1316;running;0.0;0.05638134020026441;12;1762777916.8257716;0.0;0.0
2025-11-10 19:34:36;2228;1316;svchost.exe;running;0.0;0.09400402889464646;12;1762777916.8680887;0.0;0.0;2025-11-10 19:34:36;1316;running;0.0;0.09400402889464646;12;1762777916.8680887;0.0;0.0;2025-11-10 19:34:36;1316;running;0.0;0.09400402889464646;12;1762777916.8680887;0.0;0.0
2025-11-10 19:34:36;2316;2676;Code.exe;running;0.0;0.5711903997858563;28;1762811223.6254537;0.0;0.0;2025-11-10 19:34:36;2676;running;0.0;0.5711903997858563;28;1762811223.6254537;0.0;0.0;2025-11-10 19:34:36;2676;running;0.0;0.5711903997858563;28;1762811223.6254537;0.0;0.0
2025-11-10 19:34:36;2552;1480;TextInputHost.exe;running;0.0;0.30013842409411784;60;1762804210.69381;0.0;0.0;2025-11-10 19:34:36;1480;running;0.0;0.30013842409411784;60;1762804210.69381;0.0;0.0;2025-11-10 19:34:36;1480;running;0.0;0.30013842409411784;60;1762804210.69381;0.0;0.0
2025-11-10 19:34:36;2676;7928;Code.exe;running;0.0;0.5256637848951755;53;1762811123.2033565;0.0;0.0;2025-11-10 19:34:36;7928;running;0.0;0.5256637848951755;53;1762811123.2033565;0.0;0.0;2025-11-10 19:34:36;7928;running;0.0;0.5256637848951755;53;1762811123.2033565;0.0;0.0
2025-11-10 19:35:00;548;12476;Docker Desktop.exe;running;0.0;0.4160626749731662;40;1762811237.957982;0.0;0.0;2025-11-10 19:35:00;12476;running;0.0;0.4160626749731662;40;1762811237.957982;0.0;0.0;2025-11-10 19:35:00;12476;running;0.0;0.4160626749731662;40;1762811237.957982;0.0;0.0
2025-11-10 19:35:00;140;4;;stopped;0.0;0.4401959962925317;0;1762777907.5327773;0.0;0.0;2025-11-10 19:35:00;4;stopped;0.0;0.4401959962925317;0;1762777907.5327773;0.0;0.0;2025-11-10 19:35:00;4;stopped;0.0;0.4401959962925317;0;1762777907.5327773;0.0;0.0
2025-11-10 19:35:00;1616;1316;svchost.exe;running;0.0;0.09242324365538672;9;1762777916.2289548;0.0;0.0;2025-11-10 19:35:00;1316;running;0.0;0.09242324365538672;9;1762777916.2289548;0.0;0.0;2025-11-10 19:35:00;1316;running;0.0;0.09242324365538672;9;1762777916.2289548;0.0;0.0
2025-11-10 19:35:00;1732;1240;dwm.exe;running;0.0;0.5467409214186388;35;1762777916.670258;0.0;0.0;2025-11-10 19:35:00;1240;running;0.0;0.5467409214186388;35;1762777916.670258;0.0;0.0;2025-11-10 19:35:00;1240;running;0.0;0.5467409214186388;35;1762777916.670258;0.0;0.0
2025-11-10 19:35:00;2228;1316;svchost.exe;running;0.0;0.1034360474888963;13;1762777916.8680887;0.0;0.0;2025-11-10 19:35:00;1316;running;0.0;0.1034360474888963;13;1762777916.8680887;0.0;0.0;2025-11-10 19:35:00;1316;running;0.0;0.1034360474888963;13;1762777916.8680887;0.0;0.0
2025-11-10 19:35:00;2316;2676;Code.exe;running;0.0;0.5393639236354266;28;1762811223.6254537;0.0;0.0;2025-11-10 19:35:00;2676;running;0.0;0.5393639236354266;28;1762811223.6254537;0.0;0.0;2025-11-10 19:35:00;2676;running;0.0;0.5393639236354266;28;1762811223.6254537;0.0;0.0
2025-11-10 19:35:00;2552;1480;TextInputHost.exe;running;0.0;0.2788505162054199;60;1762804210.69381;0.0;0.0;2025-11-10 19:35:00;1480;running;0.0;0.2788505162054199;60;1762804210.69381;0.0;0.0;2025-11-10 19:35:00;1480;running;0.0;0.2788505162054199;60;1762804210.69381;0.0;0.0
2025-11-10 19:35:00;2676;7928;Code.exe;running;0.0;0.47460442166708555;53;1762811123.2033565;0.0;0.0;2025-11-10 19:35:00;7928;running;0.0;0.47460442166708555;53;1762811123.2033565;0.0;0.0;2025-11-10 19:35:00;7928;running;0.0;0.47460442166708555;53;1762811123.2033565;0.0;0.0
2025-11-10 19:35:26;548;12476;Docker Desktop.exe;running;0.0;0.41247956176417744;40;1762811237.957982;0.0;0.0;2025-11-10 19:35:26;12476;running;0.0;0.41247956176417744;40;1762811237.957982;0.0;0.0;2025-11-10 19:35:26;12476;running;0.0;0.41247956176417744;40;1762811237.957982;0.0;0.0
2025-11-10 19:35:26;140;4;;stopped;0.0;0.4401959962925317;0;1762777907.5327773;0.0;0.0;2025-11-10 19:35:26;4;stopped;0.0;0.4401959962925317;0;1762777907.5327773;0.0;0.0;2025-11-10 19:35:26;4;stopped;0.0;0.4401959962925317;0;1762777907.5327773;0.0;0.0
2025-11-10 19:35:26;780;12784;msedgewebview2.exe;running;0.0;1.9747696137245883;22;1762778050.0024676;0.0;0.0;2025-11-10 19:35:26;12784;running;0.0;1.9747696137245883;22;1762778050.0024676;0.0;0.0;2025-11-10 19:35:26;12784;running;0.0;1.9747696137245883;22;1762778050.0024676;0.0;0.0
2025-11-10 19:35:26;1188;12784;msedgewebview2.exe;running;0.0;2.094171592130008;41;1762778049.7182996;0.0;0.0;2025-11-10 19:35:26;12784;running;0.0;2.094171592130008;41;1762778049.7182996;0.0;0.0;2025-11-10 19:35:26;12784;running;0.0;2.094171592130008;41;1762778049.7182996;0.0;0.0
2025-11-10 19:35:26;1480;1316;svchost.exe;running;0.0;0.2107713652346333;22;1762777916.0969288;0.0;0.0;2025-11-10 19:35:26;1316;running;0.0;0.2107713652346333;22;1762777916.0969288;0.0;0.0;2025-11-10 19:35:26;1316;running;0.0;0.2107713652346333;22;1762777916.0969288;0.0;0.0
2025-11-10 19:35:26;1616;1316;svchost.exe;running;0.0;0.13826601559391943;11;1762777916.2289548;0.0;0.0;2025-11-10 19:35:26;1316;running;0.0;0.13826601559391943;11;1762777916.2289548;0.0;0.0;2025-11-10 19:35:26;1316;running;0.0;0.13826601559391943;11;1762777916.2289548;0.0;0.0
2025-11-10 19:35:26;1732;1240;dwm.exe;running;0.0;0.7229457827547923;36;1762777916.670258;0.0;0.0;2025-11-10 19:35:26;1240;running;0.0;0.7229457827547923;36;1762777916.670258;0.0;0.0;2025-11-10 19:35:26;1240;running;0.0;0.7229457827547923;36;1762777916.670258;0.0;0.0
2025-11-10 19:35:26;2316;2676;Code.exe;running;0.0;0.5629703165417056;28;1762811223.6254537;0.0;0.0;2025-11-10 19:35:26;2676;running;0.0;0.5629703165417056;28;1762811223.6254537;0.0;0.0;2025-11-10 19:35:26;2676;running;0.0;0.5629703165417056;28;1762811223.6254537;0.0;0.0
2025-11-10 19:35:26;2552;1480;TextInputHost.exe;running;0.0;0.2796936016663584;60;1762804210.69381;0.0;0.0;2025-11-10 19:35:26;1480;running;0.0;0.2796936016663584;60;1762804210.69381;0.0;0.0;2025-11-10 19:35:26;1480;running;0.0;0.2796936016663584;60;1762804210.69381;0.0;0.0
2025-11-10 19:35:26;2676;7928;Code.exe;running;0.0;0.5151252166334439;54;1762811123.2033565;0.0;0.0;2025-11-10 19:35:26;7928;running;0.0;0.5151252166334439;54;1762811123.2033565;0.0;0.0;2025-11-10 19:35:26;7928;running;0.0;0.5151252166334439;54;1762811123.2033565;0.0;0.0
2025-11-10 19:35:50;140;4;;stopped;0.0;0.4401959962925317;0;1762777907.5327773;0.0;0.0;2025-11-10 19:35:50;4;stopped;0.0;0.4401959962925317;0;1762777907.5327773;0.0;0.0;2025-11-10 19:35:50;4;stopped;0.0;0.4401959962925317;0;1762777907.5327773;0.0;0.0
2025-11-10 19:35:50;548;12476;Docker Desktop.exe;running;0.0;0.4435683381362858;41;1762811237.957982;0.0;0.0;2025-11-10 19:35:50;12476;running;0.0;0.4435683381362858;41;1762811237.957982;0.0;0.0;2025-11-10 19:35:50;12476;running;0.0;0.4435683381362858;41;1762811237.957982;0.0;0.0
2025-11-10 19:35:50;1480;1316;svchost.exe;running;0.0;0.20961212272584284;22;1762777916.0969288;0.0;0.0;2025-11-10 19:35:50;1316;running;0.0;0.20961212272584284;22;1762777916.0969288;0.0;0.0;2025-11-10 19:35:50;1316;running;0.0;0.20961212272584284;22;1762777916.0969288;0.0;0.0
2025-11-10 19:35:50;1616;1316;svchost.exe;running;0.0;0.13779178002214154;11;1762777916.2289548;0.0;0.0;2025-11-10 19:35:50;1316;running;0.0;0.13779178002214154;11;1762777916.2289548;0.0;0.0;2025-11-10 19:35:50;1316;running;0.0;0.13779178002214154;11;1762777916.2289548;0.0;0.0
2025-11-10 19:35:50;1732;1240;dwm.exe;running;0.0;0.7212596118329152;36;1762777916.670258;0.0;0.0;2025-11-10 19:35:50;1240;running;0.0;0.7212596118329152;36;1762777916.670258;0.0;0.0;2025-11-10 19:35:50;1240;running;0.0;0.7212596118329152;36;1762777916.670258;0.0;0.0
2025-11-10 19:35:50;2228;1316;svchost.exe;running;0.0;0.1110238166373431;14;1762777916.8680887;0.0;0.0;2025-11-10 19:35:50;1316;running;0.0;0.1110238166373431;14;1762777916.8680887;0.0;0.0;2025-11-10 19:35:50;1316;running;0.0;0.1110238166373431;14;1762777916.8680887;0.0;0.0
2025-11-10 19:35:50;2316;2676;Code.exe;running;0.0;0.5972733562336421;29;1762811223.6254537;0.0;0.0;2025-11-10 19:35:50;2676;running;0.0;0.5972733562336421;29;1762811223.6254537;0.0;0.0;2025-11-10 19:35:50;2676;running;0.0;0.5972733562336421;29;1762811223.6254537;0.0;0.0
2025-11-10 19:35:50;2552;1480;TextInputHost.exe;running;0.0;0.28000975871421036;60;1762804210.69381;0.0;0.0;2025-11-10 19:35:50;1480;running;0.0;0.28000975871421036;60;1762804210.69381;0.0;0.0;2025-11-10 19:35:50;1480;running;0.0;0.28000975871421036;60;1762804210.69381;0.0;0.0
2025-11-10 19:35:50;2676;7928;Code.exe;running;0.0;0.5201310365577664;54;1762811123.2033565;0.0;0.0;2025-11-10 19:35:50;7928;running;0.0;0.5201310365577664;54;1762811123.2033565;0.0;0.0;2025-11-10 19:35:50;7928;running;0.0;0.5201310365577664;54;1762811123.2033565;0.0;0.0
2025-11-10 19:36:13;140;4;;stopped;0.0;0.4401959962925317;0;1762777907.5327773;0.0;0.0;2025-11-10 19:36:13;4;stopped;0.0;0.4401959962925317;0;1762777907.5327773;0.0;0.0;2025-11-10 19:36:13;4;stopped;0.0;0.4401959962925317;0;1762777907.5327773;0.0;0.0
2025-11-10 19:36:13;548;12476;Docker Desktop.exe;running;0.0;0.46032466167243913;41;1762811237.957982;0.0;0.0;2025-11-10 19:36:13;12476;running;0.0;0.46032466167243913;41;1762811237.957982;0.0;0.0;2025-11-10 19:36:13;12476;running;0.0;0.46032466167243913;41;1762811237.957982;0.0;0.0
2025-11-10 19:36:13;1480;1316;svchost.exe;running;0.0;0.20998097261500345;22;1762777916.0969288;0.0;0.0;2025-11-10 19:36:13;1316;running;0.0;0.20998097261500345;22;1762777916.0969288;0.0;0.0;2025-11-10 19:36:13;1316;running;0.0;0.20998097261500345;22;1762777916.0969288;0.0;0.0
2025-11-10 19:36:13;1616;1316;svchost.exe;running;0.0;0.138951022530932;11;1762777916.2289548;0.0;0.0;2025-11-10 19:36:13;1316;running;0.0;0.138951022530932;11;1762777916.2289548;0.0;0.0;2025-11-10 19:36:13;1316;running;0.0;0.138951022530932;11;1762777916.2289548;0.0;0.0
2025-11-10 19:36:13;1732;1240;dwm.exe;running;0.0;0.7212596118329152;36;1762777916.670258;0.0;0.0;2025-11-10 19:36:13;1240;running;0.0;0.7212596118329152;36;1762777916.670258;0.0;0.0;2025-11-10 19:36:13;1240;running;0.0;0.7212596118329152;36;1762777916.670258;0.0;0.0
2025-11-10 19:36:13;2228;1316;svchost.exe;running;0.0;0.11207767346351626;13;1762777916.8680887;0.0;0.0;2025-11-10 19:36:13;1316;running;0.0;0.11207767346351626;13;1762777916.8680887;0.0;0.0;2025-11-10 19:36:13;1316;running;0.0;0.11207767346351626;13;1762777916.8680887;0.0;0.0
2025-11-10 19:36:13;2316;2676;Code.exe;running;0.0;0.6225132272204895;29;1762811223.6254537;0.0;0.0;2025-11-10 19:36:13;2676;running;0.0;0.6225132272204895;29;1762811223.6254537;0.0;0.0;2025-11-10 19:36:13;2676;running;0.0;0.6225132272204895;29;1762811223.6254537;0.0;0.0
2025-11-10 19:36:13;2552;1480;TextInputHost.exe;running;0.0;0.2802732229207537;60;1762804210.69381;0.0;0.0;2025-11-10 19:36:13;1480;running;0.0;0.2802732229207537;60;1762804210.69381;0.0;0.0;2025-11-10 19:36:13;1480;running;0.0;0.2802732229207537;60;1762804210.69381;0.0;0.0
2025-11-10 19:36:13;2676;7928;Code.exe;running;0.0;0.5372035171417716;54;1762811123.2033565;0.0;0.0;2025-11-10 19:36:13;7928;running;0.0;0.5372035171417716;54;1762811123.2033565;0.0;0.0;2025-11-10 19:36:13;7928;running;0.0;0.5372035171417716;54;1762811123.2033565;0.0;0.0
2025-11-10 19:36:36;140;4;;stopped;0.0;0.4401959962925317;0;1762777907.5327773;0.0;0.0;2025-11-10 19:36:36;4;stopped;0.0;0.4401959962925317;0;1762777907.5327773;0.0;0.0;2025-11-10 19:36:36;4;stopped;0.0;0.4401959962925317;0;1762777907.5327773;0.0;0.0
2025-11-10 19:36:36;548;12476;Docker Desktop.exe;running;0.0;0.45674154846345044;41;1762811237.957982;0.0;0.0;2025-11-10 19:36:36;12476;running;0.0;0.45674154846345044;41;1762811237.957982;0.0;0.0;2025-11-10 19:36:36;12476;running;0.0;0.45674154846345044;41;1762811237.957982;0.0;0.0
2025-11-10 19:36:36;1480;1316;svchost.exe;running;0.0;0.20998097261500345;22;1762777916.0969288;0.0;0.0;2025-11-10 19:36:36;1316;running;0.0;0.20998097261500345;22;1762777916.0969288;0.0;0.0;2025-11-10 19:36:36;1316;running;0.0;0.20998097261500345;22;1762777916.0969288;0.0;0.0
2025-11-10 19:36:36;1732;1240;dwm.exe;running;0.0;0.7219973116112365;36;1762777916.670258;0.0;0.0;2025-11-10 19:36:36;1240;running;0.0;0.7219973116112365;36;1762777916.670258;0.0;0.0;2025-11-10 19:36:36;1240;running;0.0;0.7219973116112365;36;1762777916.670258;0.0;0.0
2025-11-10 19:36:36;2228;1316;svchost.exe;running;0.0;0.11207767346351626;13;1762777916.8680887;0.0;0.0;2025-11-10 19:36:36;1316;running;0.0;0.11207767346351626;13;1762777916.8680887;0.0;0.0;2025-11-10 19:36:36;1316;running;0.0;0.11207767346351626;13;1762777916.8680887;0.0;0.0
2025-11-10 19:36:36;2316;2676;Code.exe;running;0.0;0.7591457647338405;29;1762811223.6254537;0.0;0.0;2025-11-10 19:36:36;2676;running;0.0;0.7591457647338405;29;1762811223.6254537;0.0;0.0;2025-11-10 19:36:36;2676;running;0.0;0.7591457647338405;29;1762811223.6254537;0.0;0.0
2025-11-10 19:36:36;2552;1480;TextInputHost.exe;running;0.0;0.286385592512558;63;1762804210.69381;0.0;0.0;2025-11-10 19:36:36;1480;running;0.0;0.286385592512558;63;1762804210.69381;0.0;0.0;2025-11-10 19:36:36;1480;running;0.0;0.286385592512558;63;1762804210.69381;0.0;0.0
2025-11-10 19:36:36;2676;7928;Code.exe;running;0.0;0.5644984089396567;54;1762811123.2033565;0.0;0.0;2025-11-10 19:36:36;7928;running;0.0;0.5644984089396567;54;1762811123.2033565;0.0;0.0;2025-11-10 19:36:36;7928;running;0.0;0.5644984089396567;54;1762811123.2033565;0.0;0.0
2025-11-10 19:37:01;140;4;;stopped;0.0;0.4401959962925317;0;1762777907.5327773;0.0;0.0;2025-11-10 19:37:01;4;stopped;0.0;0.4401959962925317;0;1762777907.5327773;0.0;0.0;2025-11-10 19:37:01;4;stopped;0.0;0.4401959962925317;0;1762777907.5327773;0.0;0.0
2025-11-10 19:37:01;548;12476;Docker Desktop.exe;running;0.0;0.6431688210134835;41;1762811237.957982;0.0;0.0;2025-11-10 19:37:01;12476;running;0.0;0.6431688210134835;41;1762811237.957982;0.0;0.0;2025-11-10 19:37:01;12476;running;0.0;0.6431688210134835;41;1762811237.957982;0.0;0.0
2025-11-10 19:37:01;1480;1316;svchost.exe;running;0.0;0.20998097261500345;22;1762777916.0969288;0.0;0.0;2025-11-10 19:37:01;1316;running;0.0;0.20998097261500345;22;1762777916.0969288;0.0;0.0;2025-11-10 19:37:01;1316;running;0.0;0.20998097261500345;22;1762777916.0969288;0.0;0.0
2025-11-10 19:37:01;1732;1240;dwm.exe;running;0.0;0.7605157786078657;36;1762777916.670258;0.0;0.0;2025-11-10 19:37:01;1240;running;0.0;0.7605157786078657;36;1762777916.670258;0.0;0.0;2025-11-10 19:37:01;1240;running;0.0;0.7605157786078657;36;1762777916.670258;0.0;0.0
2025-11-10 19:37:01;2228;1316;svchost.exe;running;0.0;0.11207767346351626;13;1762777916.8680887;0.0;0.0;2025-11-10 19:37:01;1316;running;0.0;0.11207767346351626;13;1762777916.8680887;0.0;0.0;2025-11-10 19:37:01;1316;running;0.0;0.11207767346351626;13;1762777916.8680887;0.0;0.0
2025-11-10 19:37:01;2316;2676;Code.exe;running;0.0;0.7610427070209522;29;1762811223.6254537;0.0;0.0;2025-11-10 19:37:01;2676;running;0.0;0.7610427070209522;29;1762811223.6254537;0.0;0.0;2025-11-10 19:37:01;2676;running;0.0;0.7610427070209522;29;1762811223.6254537;0.0;0.0
2025-11-10 19:37:01;2552;1480;TextInputHost.exe;running;0.0;0.28912562026060823;63;1762804210.69381;0.0;0.0;2025-11-10 19:37:01;1480;running;0.0;0.28912562026060823;63;1762804210.69381;0.0;0.0;2025-11-10 19:37:01;1480;running;0.0;0.28912562026060823;63;1762804210.69381;0.0;0.0
2025-11-10 19:37:01;2676;7928;Code.exe;running;0.0;0.5741411988991412;54;1762811123.2033565;0.0;0.0;2025-11-10 19:37:01;7928;running;0.0;0.5741411988991412;54;1762811123.2033565;0.0;0.0;2025-11-10 19:37:01;7928;running;0.0;0.5741411988991412;54;1762811123.2033565;0.0;0.0
2025-11-10 19:37:24;140;4;;stopped;0.0;0.4401959962925317;0;1762777907.5327773;0.0;0.0;2025-11-10 19:37:24;4;stopped;0.0;0.4401959962925317;0;1762777907.5327773;0.0;0.0;2025-11-10 19:37:24;4;stopped;0.0;0.4401959962925317;0;1762777907.5327773;0.0;0.0
2025-11-10 19:37:24;548;12476;Docker Desktop.exe;running;0.0;0.6420622713460018;40;1762811237.957982;0.0;0.0;2025-11-10 19:37:24;12476;running;0.0;0.6420622713460018;40;1762811237.957982;0.0;0.0;2025-11-10 19:37:24;12476;running;0.0;0.6420622713460018;40;1762811237.957982;0.0;0.0
2025-11-10 19:37:24;1480;1316;svchost.exe;running;0.0;0.2080313374865831;12;1762777916.0969288;0.0;0.0;2025-11-10 19:37:24;1316;running;0.0;0.2080313374865831;12;1762777916.0969288;0.0;0.0;2025-11-10 19:37:24;1316;running;0.0;0.2080313374865831;12;1762777916.0969288;0.0;0.0
2025-11-10 19:37:24;1616;1316;svchost.exe;running;0.0;0.14638071315545284;10;1762777916.2289548;0.0;0.0;2025-11-10 19:37:24;1316;running;0.0;0.14638071315545284;10;1762777916.2289548;0.0;0.0;2025-11-10 19:37:24;1316;running;0.0;0.14638071315545284;10;1762777916.2289548;0.0;0.0
2025-11-10 19:37:24;1732;1240;dwm.exe;running;0.0;0.760621164290483;36;1762777916.670258;0.0;0.0;2025-11-10 19:37:24;1240;running;0.0;0.760621164290483;36;1762777916.670258;0.0;0.0;2025-11-10 19:37:24;1240;running;0.0;0.760621164290483;36;1762777916.670258;0.0;0.0
2025-11-10 19:37:24;2228;1316;svchost.exe;running;0.0;0.1129207589244548;12;1762777916.8680887;0.0;0.0;2025-11-10 19:37:24;1316;running;0.0;0.1129207589244548;12;1762777916.8680887;0.0;0.0;2025-11-10 19:37:24;1316;running;0.0;0.1129207589244548;12;1762777916.8680887;0.0;0.0
2025-11-10 19:37:24;2316;2676;Code.exe;running;0.0;0.7633611920385333;28;1762811223.6254537;0.0;0.0;2025-11-10 19:37:24;2676;running;0.0;0.7633611920385333;28;1762811223.6254537;0.0;0.0;2025-11-10 19:37:24;2676;running;0.0;0.7633611920385333;28;1762811223.6254537;0.0;0.0
2025-11-10 19:37:24;2552;1480;TextInputHost.exe;running;0.0;0.2885986918475217;63;1762804210.69381;0.0;0.0;2025-11-10 19:37:24;1480;running;0.0;0.2885986918475217;63;1762804210.69381;0.0;0.0;2025-11-10 19:37:24;1480;running;0.0;0.2885986918475217;63;1762804210.69381;0.0;0.0
2025-11-10 19:37:24;2676;7928;Code.exe;running;0.0;0.5963248850900863;53;1762811123.2033565;0.0;0.0;2025-11-10 19:37:24;7928;running;0.0;0.5963248850900863;53;1762811123.2033565;0.0;0.0;2025-11-10 19:37:24;7928;running;0.0;0.5963248850900863;53;1762811123.2033565;0.0;0.0
2025-11-10 19:37:47;140;4;;stopped;0.0;0.4401959962925317;0;1762777907.5327773;0.0;0.0;2025-11-10 19:37:47;4;stopped;0.0;0.4401959962925317;0;1762777907.5327773;0.0;0.0;2025-11-10 19:37:47;4;stopped;0.0;0.4401959962925317;0;1762777907.5327773;0.0;0.0
2025-11-10 19:37:47;548;12476;Docker Desktop.exe;running;0.0;0.655288174514475;40;1762811237.957982;0.0;0.0;2025-11-10 19:37:47;12476;running;0.0;0.655288174514475;40;1762811237.957982;0.0;0.0;2025-11-10 19:37:47;12476;running;0.0;0.655288174514475;40;1762811237.957982;0.0;0.0
2025-11-10 19:37:47;1480;1316;svchost.exe;running;0.0;0.20782056612134847;12;1762777916.0969288;0.0;0.0;2025-11-10 19:37:47;1316;running;0.0;0.20782056612134847;12;1762777916.0969288;0.0;0.0;2025-11-10 19:37:47;1316;running;0.0;0.20782056612134847;12;1762777916.0969288;0.0;0.0
2025-11-10 19:37:47;1732;1240;dwm.exe;running;0.0;0.760779242814409;36;1762777916.670258;0.0;0.0;2025-11-10 19:37:47;1240;running;0.0;0.760779242814409;36;1762777916.670258;0.0;0.0;2025-11-10 19:37:47;1240;running;0.0;0.760779242814409;36;1762777916.670258;0.0;0.0
2025-11-10 19:37:47;2228;1316;svchost.exe;running;0.0;0.11281537324183749;12;1762777916.8680887;0.0;0.0;2025-11-10 19:37:47;1316;running;0.0;0.11281537324183749;12;1762777916.8680887;0.0;0.0;2025-11-10 19:37:47;1316;running;0.0;0.11281537324183749;12;1762777916.8680887;0.0;0.0
2025-11-10 19:37:47;2316;2676;Code.exe;running;0.0;0.7644150488647063;28;1762811223.6254537;0.0;0.0;2025-11-10 19:37:47;2676;running;0.0;0.7644150488647063;28;1762811223.6254537;0.0;0.0;2025-11-10 19:37:47;2676;running;0.0;0.7644150488647063;28;1762811223.6254537;0.0;0.0
2025-11-10 19:37:47;2552;1480;TextInputHost.exe;running;0.0;0.2885986918475217;63;1762804210.69381;0.0;0.0;2025-11-10 19:37:47;1480;running;0.0;0.2885986918475217;63;1762804210.69381;0.0;0.0;2025-11-10 19:37:47;1480;running;0.0;0.2885986918475217;63;1762804210.69381;0.0;0.0
2025-11-10 19:37:47;2676;7928;Code.exe;running;0.0;0.6003295410295443;53;1762811123.2033565;0.0;0.0;2025-11-10 19:37:47;7928;running;0.0;0.6003295410295443;53;1762811123.2033565;0.0;0.0;2025-11-10 19:37:47;7928;running;0.0;0.6003295410295443;53;1762811123.2033565;0.0;0.0
2025-11-10 19:38:10;140;4;;stopped;0.0;0.4401959962925317;0;1762777907.5327773;0.0;0.0;2025-11-10 19:38:10;4;stopped;0.0;0.4401959962925317;0;1762777907.5327773;0.0;0.0;2025-11-10 19:38:10;4;stopped;0.0;0.4401959962925317;0;1762777907.5327773;0.0;0.0
2025-11-10 19:38:10;1480;1316;svchost.exe;running;0.0;0.14232336437468615;12;1762777916.0969288;0.0;0.0;2025-11-10 19:38:10;1316;running;0.0;0.14232336437468615;12;1762777916.0969288;0.0;0.0;2025-11-10 19:38:10;1316;running;0.0;0.14232336437468615;12;1762777916.0969288;0.0;0.0
2025-11-10 19:38:10;548;12476;Docker Desktop.exe;running;0.0;0.5727184921838073;40;1762811237.957982;0.0;0.0;2025-11-10 19:38:10;12476;running;0.0;0.5727184921838073;40;1762811237.957982;0.0;0.0;2025-11-10 19:38:10;12476;running;0.0;0.5727184921838073;40;1762811237.957982;0.0;0.0
2025-11-10 19:38:10;1732;1240;dwm.exe;running;0.0;0.5568052541085926;36;1762777916.670258;0.0;0.0;2025-11-10 19:38:10;1240;running;0.0;0.5568052541085926;36;1762777916.670258;0.0;0.0;2025-11-10 19:38:10;1240;running;0.0;0.5568052541085926;36;1762777916.670258;0.0;0.0
2025-11-10 19:38:10;2228;1316;svchost.exe;running;0.0;0.1072299320631197;12;1762777916.8680887;0.0;0.0;2025-11-10 19:38:10;1316;running;0.0;0.1072299320631197;12;1762777916.8680887;0.0;0.0;2025-11-10 19:38:10;1316;running;0.0;0.1072299320631197;12;1762777916.8680887;0.0;0.0
2025-11-10 19:38:10;2316;2676;Code.exe;running;0.0;0.6034911115080638;28;1762811223.6254537;0.0;0.0;2025-11-10 19:38:10;2676;running;0.0;0.6034911115080638;28;1762811223.6254537;0.0;0.0;2025-11-10 19:38:10;2676;running;0.0;0.6034911115080638;28;1762811223.6254537;0.0;0.0
2025-11-10 19:38:10;2552;1480;TextInputHost.exe;running;0.0;0.23090003061454079;63;1762804210.69381;0.0;0.0;2025-11-10 19:38:10;1480;running;0.0;0.23090003061454079;63;1762804210.69381;0.0;0.0;2025-11-10 19:38:10;1480;running;0.0;0.23090003061454079;63;1762804210.69381;0.0;0.0
2025-11-10 19:38:10;2676;7928;Code.exe;running;0.0;0.47929408454355615;53;1762811123.2033565;0.0;0.0;2025-11-10 19:38:10;7928;running;0.0;0.47929408454355615;53;1762811123.2033565;0.0;0.0;2025-11-10 19:38:10;7928;running;0.0;0.47929408454355615;53;1762811123.2033565;0.0;0.0
2025-11-10 19:38:34;1732;1240;dwm.exe;running;140.9;0.5087493828350962;35;1762777916.670258;0.0;0.0;2025-11-10 19:38:34;1240;running;140.9;0.5087493828350962;35;1762777916.670258;0.0;0.0;2025-11-10 19:38:34;1240;running;140.9;0.5087493828350962;35;1762777916.670258;0.0;0.0
2025-11-10 19:38:34;140;4;;stopped;0.0;0.4401959962925317;0;1762777907.5327773;0.0;0.0;2025-11-10 19:38:34;4;stopped;0.0;0.4401959962925317;0;1762777907.5327773;0.0;0.0;2025-11-10 19:38:34;4;stopped;0.0;0.4401959962925317;0;1762777907.5327773;0.0;0.0
2025-11-10 19:38:34;1480;1316;svchost.exe;running;0.0;0.1595539234826174;19;1762777916.0969288;0.0;0.0;2025-11-10 19:38:34;1316;running;0.0;0.1595539234826174;19;1762777916.0969288;0.0;0.0;2025-11-10 19:38:34;1316;running;0.0;0.1595539234826174;19;1762777916.0969288;0.0;0.0
2025-11-10 19:38:34;548;12476;Docker Desktop.exe;running;0.0;0.5108570964874425;40;1762811237.957982;0.0;0.0;2025-11-10 19:38:34;12476;running;0.0;0.5108570964874425;40;1762811237.957982;0.0;0.0;2025-11-10 19:38:34;12476;running;0.0;0.5108570964874425;40;1762811237.957982;0.0;0.0
2025-11-10 19:38:34;1616;1316;svchost.exe;running;0.0;0.11054958106556517;9;1762777916.2289548;0.0;0.0;2025-11-10 19:38:34;1316;running;0.0;0.11054958106556517;9;1762777916.2289548;0.0;0.0;2025-11-10 19:38:34;1316;running;0.0;0.11054958106556517;9;1762777916.2289548;0.0;0.0
2025-11-10 19:38:34;2228;1316;svchost.exe;running;0.0;0.11091843095472578;13;1762777916.8680887;0.0;0.0;2025-11-10 19:38:34;1316;running;0.0;0.11091843095472578;13;1762777916.8680887;0.0;0.0;2025-11-10 19:38:34;1316;running;0.0;0.11091843095472578;13;1762777916.8680887;0.0;0.0
2025-11-10 19:38:34;2316;2676;Code.exe;running;0.0;0.5428943440031068;28;1762811223.6254537;0.0;0.0;2025-11-10 19:38:34;2676;running;0.0;0.5428943440031068;28;1762811223.6254537;0.0;0.0;2025-11-10 19:38:34;2676;running;0.0;0.5428943440031068;28;1762811223.6254537;0.0;0.0
2025-11-10 19:38:34;2552;1480;TextInputHost.exe;running;0.0;0.2378554856672837;58;1762804210.69381;0.0;0.0;2025-11-10 19:38:34;1480;running;0.0;0.2378554856672837;58;1762804210.69381;0.0;0.0;2025-11-10 19:38:34;1480;running;0.0;0.2378554856672837;58;1762804210.69381;0.0;0.0
2025-11-10 19:38:34;2676;7928;Code.exe;running;0.0;0.4430941025645079;53;1762811123.2033565;0.0;0.0;2025-11-10 19:38:34;7928;running;0.0;0.4430941025645079;53;1762811123.2033565;0.0;0.0;2025-11-10 19:38:34;7928;running;0.0;0.4430941025645079;53;1762811123.2033565;0.0;0.0
2025-11-10 19:38:58;548;12476;Docker Desktop.exe;running;0.0;0.5282984269606084;40;1762811237.957982;0.0;0.0;2025-11-10 19:38:58;12476;running;0.0;0.5282984269606084;40;1762811237.957982;0.0;0.0;2025-11-10 19:38:58;12476;running;0.0;0.5282984269606084;40;1762811237.957982;0.0;0.0
2025-11-10 19:38:58;140;4;;stopped;0.0;0.4401959962925317;0;1762777907.5327773;0.0;0.0;2025-11-10 19:38:58;4;stopped;0.0;0.4401959962925317;0;1762777907.5327773;0.0;0.0;2025-11-10 19:38:58;4;stopped;0.0;0.4401959962925317;0;1762777907.5327773;0.0;0.0
2025-11-10 19:38:58;1480;1316;svchost.exe;running;0.0;0.17098827004659628;21;1762777916.0969288;0.0;0.0;2025-11-10 19:38:58;1316;running;0.0;0.17098827004659628;21;1762777916.0969288;0.0;0.0;2025-11-10 19:38:58;1316;running;0.0;0.17098827004659628;21;1762777916.0969288;0.0;0.0
2025-11-10 19:38:58;1616;1316;svchost.exe;running;0.0;0.11560809383119638;9;1762777916.2289548;0.0;0.0;2025-11-10 19:38:58;1316;running;0.0;0.11560809383119638;9;1762777916.2289548;0.0;0.0;2025-11-10 19:38:58;1316;running;0.0;0.11560809383119638;9;1762777916.2289548;0.0;0.0
2025-11-10 19:38:58;1732;1240;dwm.exe;running;0.0;0.5117001819483811;35;1762777916.670258;0.0;0.0;2025-11-10 19:38:58;1240;running;0.0;0.5117001819483811;35;1762777916.670258;0.0;0.0;2025-11-10 19:38:58;1240;running;0.0;0.5117001819483811;35;1762777916.670258;0.0;0.0
2025-11-10 19:38:58;2228;1316;svchost.exe;running;0.0;0.11112920231996042;13;1762777916.8680887;0.0;0.0;2025-11-10 19:38:58;1316;running;0.0;0.11112920231996042;13;1762777916.8680887;0.0;0.0;2025-11-10 19:38:58;1316;running;0.0;0.11112920231996042;13;1762777916.8680887;0.0;0.0
2025-11-10 19:38:58;2316;2676;Code.exe;running;0.0;0.5427889583204895;28;1762811223.6254537;0.0;0.0;2025-11-10 19:38:58;2676;running;0.0;0.5427889583204895;28;1762811223.6254537;0.0;0.0;2025-11-10 19:38:58;2676;running;0.0;0.5427889583204895;28;1762811223.6254537;0.0;0.0
2025-11-10 19:38:58;2552;1480;TextInputHost.exe;running;0.0;0.2637803635911436;59;1762804210.69381;0.0;0.0;2025-11-10 19:38:58;1480;running;0.0;0.2637803635911436;59;1762804210.69381;0.0;0.0;2025-11-10 19:38:58;1480;running;0.0;0.2637803635911436;59;1762804210.69381;0.0;0.0
2025-11-10 19:38:58;2676;7928;Code.exe;running;0.0;0.45642539141559846;53;1762811123.2033565;0.0;0.0;2025-11-10 19:38:58;7928;running;0.0;0.45642539141559846;53;1762811123.2033565;0.0;0.0;2025-11-10 19:38:58;7928;running;0.0;0.45642539141559846;53;1762811123.2033565;0.0;0.0
2025-11-10 19:39:23;140;4;;stopped;0.0;0.4401959962925317;0;1762777907.5327773;0.0;0.0;2025-11-10 19:39:23;4;stopped;0.0;0.4401959962925317;0;1762777907.5327773;0.0;0.0;2025-11-10 19:39:23;4;stopped;0.0;0.4401959962925317;0;1762777907.5327773;0.0;0.0
2025-11-10 19:39:23;548;12476;Docker Desktop.exe;running;0.0;0.46733280956649076;40;1762811237.957982;0.0;0.0;2025-11-10 19:39:23;12476;running;0.0;0.46733280956649076;40;1762811237.957982;0.0;0.0;2025-11-10 19:39:23;12476;running;0.0;0.46733280956649076;40;1762811237.957982;0.0;0.0
2025-11-10 19:39:23;1480;1316;svchost.exe;running;0.0;0.16350588658076678;21;1762777916.0969288;0.0;0.0;2025-11-10 19:39:23;1316;running;0.0;0.16350588658076678;21;1762777916.0969288;0.0;0.0;2025-11-10 19:39:23;1316;running;0.0;0.16350588658076678;21;1762777916.0969288;0.0;0.0
2025-11-10 19:39:23;1616;1316;svchost.exe;running;0.0;0.11513385825941845;10;1762777916.2289548;0.0;0.0;2025-11-10 19:39:23;1316;running;0.0;0.11513385825941845;10;1762777916.2289548;0.0;0.0;2025-11-10 19:39:23;1316;running;0.0;0.11513385825941845;10;1762777916.2289548;0.0;0.0
2025-11-10 19:39:23;1732;1240;dwm.exe;running;0.0;0.46322276794441536;35;1762777916.670258;0.0;0.0;2025-11-10 19:39:23;1240;running;0.0;0.46322276794441536;35;1762777916.670258;0.0;0.0;2025-11-10 19:39:23;1240;running;0.0;0.46322276794441536;35;1762777916.670258;0.0;0.0
2025-11-10 19:39:23;2228;1316;svchost.exe;running;0.0;0.11112920231996042;14;1762777916.8680887;0.0;0.0;2025-11-10 19:39:23;1316;running;0.0;0.11112920231996042;14;1762777916.8680887;0.0;0.0;2025-11-10 19:39:23;1316;running;0.0;0.11112920231996042;14;1762777916.8680887;0.0;0.0
2025-11-10 19:39:23;2316;2676;Code.exe;running;0.0;0.4727074793799739;28;1762811223.6254537;0.0;0.0;2025-11-10 19:39:23;2676;running;0.0;0.4727074793799739;28;1762811223.6254537;0.0;0.0;2025-11-10 19:39:23;2676;running;0.0;0.4727074793799739;28;1762811223.6254537;0.0;0.0
2025-11-10 19:39:23;2552;1480;TextInputHost.exe;running;0.0;0.26515037746516873;61;1762804210.69381;0.0;0.0;2025-11-10 19:39:23;1480;running;0.0;0.26515037746516873;61;1762804210.69381;0.0;0.0;2025-11-10 19:39:23;1480;running;0.0;0.26515037746516873;61;1762804210.69381;0.0;0.0
2025-11-10 19:39:23;2676;7928;Code.exe;running;0.0;0.4101610767465964;53;1762811123.2033565;0.0;0.0;2025-11-10 19:39:23;7928;running;0.0;0.4101610767465964;53;1762811123.2033565;0.0;0.0;2025-11-10 19:39:23;7928;running;0.0;0.4101610767465964;53;1762811123.2033565;0.0;0.0
2025-11-10 19:39:49;140;4;;stopped;0.0;0.4401959962925317;0;1762777907.5327773;0.0;0.0;2025-11-10 19:39:49;4;stopped;0.0;0.4401959962925317;0;1762777907.5327773;0.0;0.0;2025-11-10 19:39:49;4;stopped;0.0;0.4401959962925317;0;1762777907.5327773;0.0;0.0
2025-11-10 19:39:49;548;12476;Docker Desktop.exe;running;0.0;0.4254420007261074;40;1762811237.957982;0.0;0.0;2025-11-10 19:39:49;12476;running;0.0;0.4254420007261074;40;1762811237.957982;0.0;0.0;2025-11-10 19:39:49;12476;running;0.0;0.4254420007261074;40;1762811237.957982;0.0;0.0
2025-11-10 19:39:49;1188;12784;msedgewebview2.exe;running;0.0;0.10844186741321885;41;1762778049.7182996;0.0;0.0;2025-11-10 19:39:49;12784;running;0.0;0.10844186741321885;41;1762778049.7182996;0.0;0.0;2025-11-10 19:39:49;12784;running;0.0;0.10844186741321885;41;1762778049.7182996;0.0;0.0
2025-11-10 19:39:49;1480;1316;svchost.exe;running;0.0;0.11713618622914747;21;1762777916.0969288;0.0;0.0;2025-11-10 19:39:49;1316;running;0.0;0.11713618622914747;21;1762777916.0969288;0.0;0.0;2025-11-10 19:39:49;1316;running;0.0;0.11713618622914747;21;1762777916.0969288;0.0;0.0
2025-11-10 19:39:49;1732;1240;dwm.exe;running;0.0;0.5349377249654994;35;1762777916.670258;0.0;0.0;2025-11-10 19:39:49;1240;running;0.0;0.5349377249654994;35;1762777916.670258;0.0;0.0;2025-11-10 19:39:49;1240;running;0.0;0.5349377249654994;35;1762777916.670258;0.0;0.0
2025-11-10 19:39:49;2228;1316;svchost.exe;running;0.0;0.09806137767541315;14;1762777916.8680887;0.0;0.0;2025-11-10 19:39:49;1316;running;0.0;0.09806137767541315;14;1762777916.8680887;0.0;0.0;2025-11-10 19:39:49;1316;running;0.0;0.09806137767541315;14;1762777916.8680887;0.0;0.0
2025-11-10 19:39:49;2316;2676;Code.exe;running;0.0;0.4350847906855918;28;1762811223.6254537;0.0;0.0;2025-11-10 19:39:49;2676;running;0.0;0.4350847906855918;28;1762811223.6254537;0.0;0.0;2025-11-10 19:39:49;2676;running;0.0;0.4350847906855918;28;1762811223.6254537;0.0;0.0
2025-11-10 19:39:49;2552;1480;TextInputHost.exe;running;0.0;0.26209419266926653;60;1762804210.69381;0.0;0.0;2025-11-10 19:39:49;1480;running;0.0;0.26209419266926653;60;1762804210.69381;0.0;0.0;2025-11-10 19:39:49;1480;running;0.0;0.26209419266926653;60;1762804210.69381;0.0;0.0
2025-11-10 19:39:49;2676;7928;Code.exe;running;0.0;0.33997421212346357;53;1762811123.2033565;0.0;0.0;2025-11-10 19:39:49;7928;running;0.0;0.33997421212346357;53;1762811123.2033565;0.0;0.0;2025-11-10 19:39:49;7928;running;0.0;0.33997421212346357;53;1762811123.2033565;0.0;0.0
2025-11-10 19:40:14;140;4;;stopped;0.0;0.4401959962925317;0;1762777907.5327773;0.0;0.0;2025-11-10 19:40:14;4;stopped;0.0;0.4401959962925317;0;1762777907.5327773;0.0;0.0;2025-11-10 19:40:14;4;stopped;0.0;0.4401959962925317;0;1762777907.5327773;0.0;0.0
2025-11-10 19:40:14;548;12476;Docker Desktop.exe;running;0.0;0.4028367718046929;40;1762811237.957982;0.0;0.0;2025-11-10 19:40:14;12476;running;0.0;0.4028367718046929;40;1762811237.957982;0.0;0.0;2025-11-10 19:40:14;12476;running;0.0;0.4028367718046929;40;1762811237.957982;0.0;0.0
2025-11-10 19:40:14;780;12784;msedgewebview2.exe;running;0.0;0.8797069856480507;22;1762778050.0024676;0.0;0.0;2025-11-10 19:40:14;12784;running;0.0;0.8797069856480507;22;1762778050.0024676;0.0;0.0;2025-11-10 19:40:14;12784;running;0.0;0.8797069856480507;22;1762778050.0024676;0.0;0.0
2025-11-10 19:40:14;1188;12784;msedgewebview2.exe;running;0.0;0.2969241607742897;41;1762778049.7182996;0.0;0.0;2025-11-10 19:40:14;12784;running;0.0;0.2969241607742897;41;1762778049.7182996;0.0;0.0;2025-11-10 19:40:14;12784;running;0.0;0.2969241607742897;41;1762778049.7182996;0.0;0.0
2025-11-10 19:40:14;1344;1168;lsass.exe;running;0.0;0.13241711020865837;11;1762777915.5704277;0.0;0.0;2025-11-10 19:40:14;1168;running;0.0;0.13241711020865837;11;1762777915.5704277;0.0;0.0;2025-11-10 19:40:14;1168;running;0.0;0.13241711020865837;11;1762777915.5704277;0.0;0.0
2025-11-10 19:40:14;1480;1316;svchost.exe;running;0.0;0.24512709776787853;35;1762777916.0969288;0.0;0.0;2025-11-10 19:40:14;1316;running;0.0;0.24512709776787853;35;1762777916.0969288;0.0;0.0;2025-11-10 19:40:14;1316;running;0.0;0.24512709776787853;35;1762777916.0969288;0.0;0.0
2025-11-10 19:40:14;1616;1316;svchost.exe;running;0.0;0.15096499034930613;12;1762777916.2289548;0.0;0.0;2025-11-10 19:40:14;1316;running;0.0;0.15096499034930613;12;1762777916.2289548;0.0;0.0;2025-11-10 19:40:14;1316;running;0.0;0.15096499034930613;12;1762777916.2289548;0.0;0.0
2025-11-10 19:40:14;1732;1240;dwm.exe;running;0.0;0.5375196741896235;35;1762777916.670258;0.0;0.0;2025-11-10 19:40:14;1240;running;0.0;0.5375196741896235;35;1762777916.670258;0.0;0.0;2025-11-10 19:40:14;1240;running;0.0;0.5375196741896235;35;1762777916.670258;0.0;0.0
2025-11-10 19:40:14;2316;2676;Code.exe;running;0.0;0.39377360309960374;28;1762811223.6254537;0.0;0.0;2025-11-10 19:40:14;2676;running;0.0;0.39377360309960374;28;1762811223.6254537;0.0;0.0;2025-11-10 19:40:14;2676;running;0.0;0.39377360309960374;28;1762811223.6254537;0.0;0.0
2025-11-10 19:40:14;2552;1480;TextInputHost.exe;running;0.0;0.1645070505656313;61;1762804210.69381;0.0;0.0;2025-11-10 19:40:14;1480;running;0.0;0.1645070505656313;61;1762804210.69381;0.0;0.0;2025-11-10 19:40:14;1480;running;0.0;0.1645070505656313;61;1762804210.69381;0.0;0.0
2025-11-10 19:40:14;2676;7928;Code.exe;running;0.0;0.2815905439534701;53;1762811123.2033565;0.0;0.0;2025-11-10 19:40:14;7928;running;0.0;0.2815905439534701;53;1762811123.2033565;0.0;0.0;2025-11-10 19:40:14;7928;running;0.0;0.2815905439534701;53;1762811123.2033565;0.0;0.0
2025-11-10 19:41:49;140;4;;stopped;0.0;0.4401959962925317;0;1762777907.5327773;0.0;0.0;2025-11-10 19:41:49;4;stopped;0.0;0.4401959962925317;0;1762777907.5327773;0.0;0.0;2025-11-10 19:41:49;4;stopped;0.0;0.4401959962925317;0;1762777907.5327773;0.0;0.0
2025-11-10 19:41:49;548;12476;Docker Desktop.exe;running;0.0;0.6052826681125582;41;1762811237.957982;0.0;0.0;2025-11-10 19:41:49;12476;running;0.0;0.6052826681125582;41;1762811237.957982;0.0;0.0;2025-11-10 19:41:49;12476;running;0.0;0.6052826681125582;41;1762811237.957982;0.0;0.0
2025-11-10 19:41:49;1480;1316;svchost.exe;running;0.0;0.20887442294752162;25;1762777916.0969288;0.0;0.0;2025-11-10 19:41:49;1316;running;0.0;0.20887442294752162;25;1762777916.0969288;0.0;0.0;2025-11-10 19:41:49;1316;running;0.0;0.20887442294752162;25;1762777916.0969288;0.0;0.0
2025-11-10 19:41:49;1616;1316;svchost.exe;running;0.0;0.13257518873258436;9;1762777916.2289548;0.0;0.0;2025-11-10 19:41:49;1316;running;0.0;0.13257518873258436;9;1762777916.2289548;0.0;0.0;2025-11-10 19:41:49;1316;running;0.0;0.13257518873258436;9;1762777916.2289548;0.0;0.0
2025-11-10 19:41:49;1732;1240;dwm.exe;running;0.0;0.4895164957574359;35;1762777916.670258;0.0;0.0;2025-11-10 19:41:49;1240;running;0.0;0.4895164957574359;35;1762777916.670258;0.0;0.0;2025-11-10 19:41:49;1240;running;0.0;0.4895164957574359;35;1762777916.670258;0.0;0.0
2025-11-10 19:41:49;2228;1316;svchost.exe;running;0.0;0.10211872645617985;13;1762777916.8680887;0.0;0.0;2025-11-10 19:41:49;1316;running;0.0;0.10211872645617985;13;1762777916.8680887;0.0;0.0;2025-11-10 19:41:49;1316;running;0.0;0.10211872645617985;13;1762777916.8680887;0.0;0.0
2025-11-10 19:41:49;2316;2676;Code.exe;running;0.0;0.9303974989869802;29;1762811223.6254537;0.0;0.0;2025-11-10 19:41:49;2676;running;0.0;0.9303974989869802;29;1762811223.6254537;0.0;0.0;2025-11-10 19:41:49;2676;running;0.0;0.9303974989869802;29;1762811223.6254537;0.0;0.0
2025-11-10 19:41:49;2552;1480;TextInputHost.exe;running;0.0;0.3005072739832785;63;1762804210.69381;0.0;0.0;2025-11-10 19:41:49;1480;running;0.0;0.3005072739832785;63;1762804210.69381;0.0;0.0;2025-11-10 19:41:49;1480;running;0.0;0.3005072739832785;63;1762804210.69381;0.0;0.0
2025-11-10 19:41:49;2676;7928;Code.exe;running;0.0;0.5638134020026441;53;1762811123.2033565;0.0;0.0;2025-11-10 19:41:49;7928;running;0.0;0.5638134020026441;53;1762811123.2033565;0.0;0.0;2025-11-10 19:41:49;7928;running;0.0;0.5638134020026441;53;1762811123.2033565;0.0;0.0
